--
-- PostgreSQL database dump
--

\restrict nh879GosDMeBSot4ViztEh4idig54Tj7fl60O7Uw5WppBq2dOr2ETRq3Fbx0zfh

-- Dumped from database version 18.0 (Debian 18.0-1.pgdg13+3)
-- Dumped by pg_dump version 18.0

-- Started on 2026-01-15 19:24:07 UTC

SET statement_timeout = 0;
SET lock_timeout = 0;
SET idle_in_transaction_session_timeout = 0;
SET transaction_timeout = 0;
SET client_encoding = 'UTF8';
SET standard_conforming_strings = on;
SELECT pg_catalog.set_config('search_path', '', false);
SET check_function_bodies = false;
SET xmloption = content;
SET client_min_messages = warning;
SET row_security = off;

SET default_tablespace = '';

SET default_table_access_method = heap;

--
-- TOC entry 229 (class 1259 OID 16451)
-- Name: AspNetRoleClaims; Type: TABLE; Schema: public; Owner: postgres
--

CREATE TABLE public."AspNetRoleClaims" (
    "Id" integer NOT NULL,
    "RoleId" text NOT NULL,
    "ClaimType" text,
    "ClaimValue" text
);


ALTER TABLE public."AspNetRoleClaims" OWNER TO postgres;

--
-- TOC entry 228 (class 1259 OID 16450)
-- Name: AspNetRoleClaims_Id_seq; Type: SEQUENCE; Schema: public; Owner: postgres
--

ALTER TABLE public."AspNetRoleClaims" ALTER COLUMN "Id" ADD GENERATED BY DEFAULT AS IDENTITY (
    SEQUENCE NAME public."AspNetRoleClaims_Id_seq"
    START WITH 1
    INCREMENT BY 1
    NO MINVALUE
    NO MAXVALUE
    CACHE 1
);


--
-- TOC entry 220 (class 1259 OID 16392)
-- Name: AspNetRoles; Type: TABLE; Schema: public; Owner: postgres
--

CREATE TABLE public."AspNetRoles" (
    "Id" text NOT NULL,
    "Name" character varying(256),
    "NormalizedName" character varying(256),
    "ConcurrencyStamp" text
);


ALTER TABLE public."AspNetRoles" OWNER TO postgres;

--
-- TOC entry 231 (class 1259 OID 16466)
-- Name: AspNetUserClaims; Type: TABLE; Schema: public; Owner: postgres
--

CREATE TABLE public."AspNetUserClaims" (
    "Id" integer NOT NULL,
    "UserId" text NOT NULL,
    "ClaimType" text,
    "ClaimValue" text
);


ALTER TABLE public."AspNetUserClaims" OWNER TO postgres;

--
-- TOC entry 230 (class 1259 OID 16465)
-- Name: AspNetUserClaims_Id_seq; Type: SEQUENCE; Schema: public; Owner: postgres
--

ALTER TABLE public."AspNetUserClaims" ALTER COLUMN "Id" ADD GENERATED BY DEFAULT AS IDENTITY (
    SEQUENCE NAME public."AspNetUserClaims_Id_seq"
    START WITH 1
    INCREMENT BY 1
    NO MINVALUE
    NO MAXVALUE
    CACHE 1
);


--
-- TOC entry 232 (class 1259 OID 16480)
-- Name: AspNetUserLogins; Type: TABLE; Schema: public; Owner: postgres
--

CREATE TABLE public."AspNetUserLogins" (
    "LoginProvider" text NOT NULL,
    "ProviderKey" text NOT NULL,
    "ProviderDisplayName" text,
    "UserId" text NOT NULL
);


ALTER TABLE public."AspNetUserLogins" OWNER TO postgres;

--
-- TOC entry 233 (class 1259 OID 16495)
-- Name: AspNetUserRoles; Type: TABLE; Schema: public; Owner: postgres
--

CREATE TABLE public."AspNetUserRoles" (
    "UserId" text NOT NULL,
    "RoleId" text NOT NULL
);


ALTER TABLE public."AspNetUserRoles" OWNER TO postgres;

--
-- TOC entry 234 (class 1259 OID 16514)
-- Name: AspNetUserTokens; Type: TABLE; Schema: public; Owner: postgres
--

CREATE TABLE public."AspNetUserTokens" (
    "UserId" text NOT NULL,
    "LoginProvider" text NOT NULL,
    "Name" text NOT NULL,
    "Value" text
);


ALTER TABLE public."AspNetUserTokens" OWNER TO postgres;

--
-- TOC entry 221 (class 1259 OID 16400)
-- Name: AspNetUsers; Type: TABLE; Schema: public; Owner: postgres
--

CREATE TABLE public."AspNetUsers" (
    "Id" text NOT NULL,
    "UserName" character varying(256),
    "NormalizedUserName" character varying(256),
    "Email" character varying(256),
    "NormalizedEmail" character varying(256),
    "EmailConfirmed" boolean NOT NULL,
    "PasswordHash" text,
    "SecurityStamp" text,
    "ConcurrencyStamp" text,
    "PhoneNumber" text,
    "PhoneNumberConfirmed" boolean NOT NULL,
    "TwoFactorEnabled" boolean NOT NULL,
    "LockoutEnd" timestamp with time zone,
    "LockoutEnabled" boolean NOT NULL,
    "AccessFailedCount" integer NOT NULL
);


ALTER TABLE public."AspNetUsers" OWNER TO postgres;

--
-- TOC entry 223 (class 1259 OID 16414)
-- Name: Genres; Type: TABLE; Schema: public; Owner: postgres
--

CREATE TABLE public."Genres" (
    "Id" integer NOT NULL,
    "Name" text NOT NULL
);


ALTER TABLE public."Genres" OWNER TO postgres;

--
-- TOC entry 222 (class 1259 OID 16413)
-- Name: Genres_Id_seq; Type: SEQUENCE; Schema: public; Owner: postgres
--

ALTER TABLE public."Genres" ALTER COLUMN "Id" ADD GENERATED BY DEFAULT AS IDENTITY (
    SEQUENCE NAME public."Genres_Id_seq"
    START WITH 1
    INCREMENT BY 1
    NO MINVALUE
    NO MAXVALUE
    CACHE 1
);


--
-- TOC entry 235 (class 1259 OID 16529)
-- Name: MovieGenres; Type: TABLE; Schema: public; Owner: postgres
--

CREATE TABLE public."MovieGenres" (
    "Genre_Id" integer NOT NULL,
    "Movie_Id" integer NOT NULL,
    "MovieId" integer NOT NULL,
    "GenreId" integer NOT NULL
);


ALTER TABLE public."MovieGenres" OWNER TO postgres;

--
-- TOC entry 225 (class 1259 OID 16424)
-- Name: Movies; Type: TABLE; Schema: public; Owner: postgres
--

CREATE TABLE public."Movies" (
    "Id" integer NOT NULL,
    "Title" text NOT NULL,
    "Description" text NOT NULL,
    "Status" text NOT NULL,
    "Created_At" timestamp with time zone NOT NULL,
    "Relase_Date" timestamp with time zone NOT NULL,
    "Duration" integer NOT NULL,
    "Cast" text NOT NULL,
    "Director" text NOT NULL,
    "Production" text NOT NULL,
    "PosterPath" text
);


ALTER TABLE public."Movies" OWNER TO postgres;

--
-- TOC entry 224 (class 1259 OID 16423)
-- Name: Movies_Id_seq; Type: SEQUENCE; Schema: public; Owner: postgres
--

ALTER TABLE public."Movies" ALTER COLUMN "Id" ADD GENERATED BY DEFAULT AS IDENTITY (
    SEQUENCE NAME public."Movies_Id_seq"
    START WITH 1
    INCREMENT BY 1
    NO MINVALUE
    NO MAXVALUE
    CACHE 1
);


--
-- TOC entry 241 (class 1259 OID 16588)
-- Name: Reservations; Type: TABLE; Schema: public; Owner: postgres
--

CREATE TABLE public."Reservations" (
    "Id" integer NOT NULL,
    "User_Id" integer NOT NULL,
    "Showing_Id" integer NOT NULL,
    "Seat_Id" integer NOT NULL,
    "Created_At" timestamp with time zone NOT NULL,
    "UserId" text NOT NULL
);


ALTER TABLE public."Reservations" OWNER TO postgres;

--
-- TOC entry 240 (class 1259 OID 16587)
-- Name: Reservations_Id_seq; Type: SEQUENCE; Schema: public; Owner: postgres
--

ALTER TABLE public."Reservations" ALTER COLUMN "Id" ADD GENERATED BY DEFAULT AS IDENTITY (
    SEQUENCE NAME public."Reservations_Id_seq"
    START WITH 1
    INCREMENT BY 1
    NO MINVALUE
    NO MAXVALUE
    CACHE 1
);


--
-- TOC entry 227 (class 1259 OID 16442)
-- Name: Rooms; Type: TABLE; Schema: public; Owner: postgres
--

CREATE TABLE public."Rooms" (
    "Id" integer NOT NULL,
    "Number" integer NOT NULL,
    "Seats" integer NOT NULL
);


ALTER TABLE public."Rooms" OWNER TO postgres;

--
-- TOC entry 226 (class 1259 OID 16441)
-- Name: Rooms_Id_seq; Type: SEQUENCE; Schema: public; Owner: postgres
--

ALTER TABLE public."Rooms" ALTER COLUMN "Id" ADD GENERATED BY DEFAULT AS IDENTITY (
    SEQUENCE NAME public."Rooms_Id_seq"
    START WITH 1
    INCREMENT BY 1
    NO MINVALUE
    NO MAXVALUE
    CACHE 1
);


--
-- TOC entry 237 (class 1259 OID 16549)
-- Name: Seats; Type: TABLE; Schema: public; Owner: postgres
--

CREATE TABLE public."Seats" (
    "Id" integer NOT NULL,
    "Row" integer NOT NULL,
    "Number" integer NOT NULL,
    "Room_Id" integer NOT NULL
);


ALTER TABLE public."Seats" OWNER TO postgres;

--
-- TOC entry 236 (class 1259 OID 16548)
-- Name: Seats_Id_seq; Type: SEQUENCE; Schema: public; Owner: postgres
--

ALTER TABLE public."Seats" ALTER COLUMN "Id" ADD GENERATED BY DEFAULT AS IDENTITY (
    SEQUENCE NAME public."Seats_Id_seq"
    START WITH 1
    INCREMENT BY 1
    NO MINVALUE
    NO MAXVALUE
    CACHE 1
);


--
-- TOC entry 239 (class 1259 OID 16564)
-- Name: Showings; Type: TABLE; Schema: public; Owner: postgres
--

CREATE TABLE public."Showings" (
    "Id" integer NOT NULL,
    "Movie_Id" integer NOT NULL,
    "Date" timestamp with time zone NOT NULL,
    "End_Date" timestamp with time zone NOT NULL,
    "Room_Id" integer NOT NULL,
    "Price" numeric NOT NULL
);


ALTER TABLE public."Showings" OWNER TO postgres;

--
-- TOC entry 238 (class 1259 OID 16563)
-- Name: Showings_Id_seq; Type: SEQUENCE; Schema: public; Owner: postgres
--

ALTER TABLE public."Showings" ALTER COLUMN "Id" ADD GENERATED BY DEFAULT AS IDENTITY (
    SEQUENCE NAME public."Showings_Id_seq"
    START WITH 1
    INCREMENT BY 1
    NO MINVALUE
    NO MAXVALUE
    CACHE 1
);


--
-- TOC entry 219 (class 1259 OID 16385)
-- Name: __EFMigrationsHistory; Type: TABLE; Schema: public; Owner: postgres
--

CREATE TABLE public."__EFMigrationsHistory" (
    "MigrationId" character varying(150) NOT NULL,
    "ProductVersion" character varying(32) NOT NULL
);


ALTER TABLE public."__EFMigrationsHistory" OWNER TO postgres;

--
-- TOC entry 3568 (class 0 OID 16451)
-- Dependencies: 229
-- Data for Name: AspNetRoleClaims; Type: TABLE DATA; Schema: public; Owner: postgres
--

COPY public."AspNetRoleClaims" ("Id", "RoleId", "ClaimType", "ClaimValue") FROM stdin;
\.


--
-- TOC entry 3559 (class 0 OID 16392)
-- Dependencies: 220
-- Data for Name: AspNetRoles; Type: TABLE DATA; Schema: public; Owner: postgres
--

COPY public."AspNetRoles" ("Id", "Name", "NormalizedName", "ConcurrencyStamp") FROM stdin;
ae5daf80-b296-4026-b395-107aac35b744	ADMIN	ADMIN	\N
98d8c206-bc06-41ec-97b0-84a4a34b8495	USER	USER	\N
\.


--
-- TOC entry 3570 (class 0 OID 16466)
-- Dependencies: 231
-- Data for Name: AspNetUserClaims; Type: TABLE DATA; Schema: public; Owner: postgres
--

COPY public."AspNetUserClaims" ("Id", "UserId", "ClaimType", "ClaimValue") FROM stdin;
\.


--
-- TOC entry 3571 (class 0 OID 16480)
-- Dependencies: 232
-- Data for Name: AspNetUserLogins; Type: TABLE DATA; Schema: public; Owner: postgres
--

COPY public."AspNetUserLogins" ("LoginProvider", "ProviderKey", "ProviderDisplayName", "UserId") FROM stdin;
\.


--
-- TOC entry 3572 (class 0 OID 16495)
-- Dependencies: 233
-- Data for Name: AspNetUserRoles; Type: TABLE DATA; Schema: public; Owner: postgres
--

COPY public."AspNetUserRoles" ("UserId", "RoleId") FROM stdin;
65c06126-1686-4a14-926c-82a91dcd1737	ae5daf80-b296-4026-b395-107aac35b744
\.


--
-- TOC entry 3573 (class 0 OID 16514)
-- Dependencies: 234
-- Data for Name: AspNetUserTokens; Type: TABLE DATA; Schema: public; Owner: postgres
--

COPY public."AspNetUserTokens" ("UserId", "LoginProvider", "Name", "Value") FROM stdin;
\.


--
-- TOC entry 3560 (class 0 OID 16400)
-- Dependencies: 221
-- Data for Name: AspNetUsers; Type: TABLE DATA; Schema: public; Owner: postgres
--

COPY public."AspNetUsers" ("Id", "UserName", "NormalizedUserName", "Email", "NormalizedEmail", "EmailConfirmed", "PasswordHash", "SecurityStamp", "ConcurrencyStamp", "PhoneNumber", "PhoneNumberConfirmed", "TwoFactorEnabled", "LockoutEnd", "LockoutEnabled", "AccessFailedCount") FROM stdin;
65c06126-1686-4a14-926c-82a91dcd1737	admin@test.pl	ADMIN@TEST.PL	admin@test.pl	ADMIN@TEST.PL	t	AQAAAAIAAYagAAAAEEF/DsTdi4yCNaFSvQS7TB658i+8ob8jsB2PPa/l5THAnsthXgtPBAAAcHh2fNUD/A==	S6BIRCAE6AVYKRRIPTWLDCHHTPP7P2BB	02accdd2-3b86-4bce-ab86-828f4b7838b8	\N	f	f	\N	t	0
\.


--
-- TOC entry 3562 (class 0 OID 16414)
-- Dependencies: 223
-- Data for Name: Genres; Type: TABLE DATA; Schema: public; Owner: postgres
--

COPY public."Genres" ("Id", "Name") FROM stdin;
1	Dramat
2	Komedia
3	Kryminał
5	Fantasy
7	Sci-Fi
8	Animacja
11	Akcja
12	Horror
\.


--
-- TOC entry 3574 (class 0 OID 16529)
-- Dependencies: 235
-- Data for Name: MovieGenres; Type: TABLE DATA; Schema: public; Owner: postgres
--

COPY public."MovieGenres" ("Genre_Id", "Movie_Id", "MovieId", "GenreId") FROM stdin;
1	1	1	1
1	2	2	1
2	2	2	2
1	3	3	1
5	3	3	5
1	4	4	1
3	4	4	3
1	5	5	1
1	6	6	1
2	6	6	2
5	7	7	5
1	8	8	1
3	9	9	3
1	10	10	1
2	10	10	2
3	11	11	3
1	12	12	1
1	13	13	1
3	13	13	3
1	14	14	1
7	15	15	7
3	16	16	3
1	16	16	1
1	17	17	1
8	18	18	8
7	19	19	7
11	19	19	11
1	20	20	1
3	20	20	3
\.


--
-- TOC entry 3564 (class 0 OID 16424)
-- Dependencies: 225
-- Data for Name: Movies; Type: TABLE DATA; Schema: public; Owner: postgres
--

COPY public."Movies" ("Id", "Title", "Description", "Status", "Created_At", "Relase_Date", "Duration", "Cast", "Director", "Production", "PosterPath") FROM stdin;
1	Skazani na Shawshank	Adaptacja opowiadania Stephena Kinga.	Released	2026-01-15 18:56:13.86153+00	1994-09-10 00:00:00+00	142	Tim Robbins, Morgan Freeman	Frank Darabont	USA	https://image.tmdb.org/t/p/w500/q6y0Go1tsGEsmtFryDOJo3dEmqu.jpg
4	Ojciec chrzestny	Mafijna rodzina Corleone.	Released	2026-01-15 18:56:13.86153+00	1972-03-14 00:00:00+00	175	Marlon Brando, Al Pacino	Francis Ford Coppola	USA	https://image.tmdb.org/t/p/w500/3bhkrj58Vtu7enYsRolD1fZdja1.jpg
6	Forrest Gump	Historia niezwykłego człowieka.	Released	2026-01-15 18:56:13.86153+00	1994-06-23 00:00:00+00	142	Tom Hanks, Robin Wright	Robert Zemeckis	USA	https://image.tmdb.org/t/p/w500/arw2vcBveWOVZr6pxd9XTd1TdQa.jpg
7	Władca Pierścieni: Powrót króla	Bitwa o Śródziemie.	Released	2026-01-15 18:56:13.86153+00	2003-12-01 00:00:00+00	201	Elijah Wood, Viggo Mortensen	Peter Jackson	Nowa Zelandia	https://image.tmdb.org/t/p/w500/rCzpDGLbOoPwLjy3OAm5NUPOTrC.jpg
9	Pulp Fiction	Losy gangsterów.	Released	2026-01-15 18:56:13.86153+00	1994-09-10 00:00:00+00	154	John Travolta, Uma Thurman	Quentin Tarantino	USA	https://image.tmdb.org/t/p/w500/d5iIlFn5s0ImszYzBPb8JPIfbXD.jpg
12	Podziemny krąg	Tajny klub walki.	Released	2026-01-15 18:56:13.86153+00	1999-10-15 00:00:00+00	139	Brad Pitt, Edward Norton	David Fincher	USA	https://image.tmdb.org/t/p/w500/pB8BM7pdSp6B6Ih7QZ4DrQ3PmJK.jpg
13	Chłopcy z ferajny	Gangsterska kariera.	Released	2026-01-15 18:56:13.86153+00	1990-09-12 00:00:00+00	146	Robert De Niro, Ray Liotta	Martin Scorsese	USA	https://image.tmdb.org/t/p/w500/aKuFiU82s5ISJpGZp7YkIr3kCUd.jpg
15	Incepcja	Kradzież snów.	Released	2026-01-15 18:56:13.86153+00	2010-07-15 00:00:00+00	148	Leonardo DiCaprio, Joseph Gordon-Levitt	Christopher Nolan	USA	https://image.tmdb.org/t/p/w500/9gk7adHYeDvHkCSEqAvQNLV5Uge.jpg
18	Król Lew	Przygody lwa Simby.	Released	2026-01-15 18:56:13.86153+00	1994-06-23 00:00:00+00	88	Matthew Broderick, Jeremy Irons	Roger Allers	USA	https://image.tmdb.org/t/p/w500/sKCr78MXSLixwmZ8DyJLrpMsd15.jpg
19	Matrix	Świat to symulacja.	Released	2026-01-15 18:56:13.86153+00	1999-03-30 00:00:00+00	136	Keanu Reeves, Laurence Fishburne	Lana Wachowski	USA	https://image.tmdb.org/t/p/w500/f89U3ADr1oiB1s9GkdPOEpXUk5H.jpg
2	Nietykalni	Sparaliżowany milioner zatrudnia opiekuna.	Released	2026-01-15 18:56:13.86153+00	2011-09-23 00:00:00+00	112	François Cluzet, Omar Sy	Olivier Nakache	Francja	https://media.themoviedb.org/t/p/w300_and_h450_face/vthovD3LEV0OF1Re0rRumHHgiCA.jpg
3	Zielona mila	Niezwykły skazaniec w celi śmierci.	Released	2026-01-15 18:56:13.86153+00	1999-12-06 00:00:00+00	188	Tom Hanks, Michael Clarke Duncan	Frank Darabont	USA	https://media.themoviedb.org/t/p/w300_and_h450_face/brSYDZZ2epodl8lxdzaQqYapNlM.jpg
5	12 gniewnych ludzi	Proces o morderstwo.	Released	2026-01-15 18:56:13.86153+00	1957-04-10 00:00:00+00	96	Henry Fonda, Lee J. Cobb	Sidney Lumet	USA	https://media.themoviedb.org/t/p/w300_and_h450_face/zASEq60XYKIPZ4kHOzP9f1pC06P.jpg
8	Lista Schindlera	Ratowanie Żydów podczas wojny.	Released	2026-01-15 18:56:13.86153+00	1993-11-30 00:00:00+00	195	Liam Neeson, Ben Kingsley	Steven Spielberg	USA	https://media.themoviedb.org/t/p/w300_and_h450_face/7mYojklW12jrWzvjxipWFeUnO9M.jpg
10	Życie jest piękne	Ojciec i syn w obozie.	Released	2026-01-15 18:56:13.86153+00	1997-12-20 00:00:00+00	116	Roberto Benigni, Nicoletta Braschi	Roberto Benigni	Włochy	https://media.themoviedb.org/t/p/w300_and_h450_face/mfnkSeeVOBVheuyn2lo4tfmOPQb.jpg
11	Siedem	Morderstwa wg grzechów głównych.	Released	2026-01-15 18:56:13.86153+00	1995-09-22 00:00:00+00	127	Brad Pitt, Morgan Freeman	David Fincher	USA	https://media.themoviedb.org/t/p/w300_and_h450_face/jKstsinBR4nXRzmOItLjmpt9CQ4.jpg
14	Pianista	Okupowana Warszawa.	Released	2026-01-15 18:56:13.86153+00	2002-05-24 00:00:00+00	150	Adrien Brody, Thomas Kretschmann	Roman Polański	Polska	https://media.themoviedb.org/t/p/w300_and_h450_face/72ponXpzVO1kPKtEYFKTEqWIwdK.jpg
16	Leon zawodowiec	Płatny morderca i dziewczynka.	Released	2026-01-15 18:56:13.86153+00	1994-09-14 00:00:00+00	110	Jean Reno, Natalie Portman	Luc Besson	Francja	https://media.themoviedb.org/t/p/w300_and_h450_face/zeJQ8lkniqpWOhJU5fYInARvGfM.jpg
17	Wyspa tajemnic	Śledztwo w szpitalu psychiatrycznym.	Released	2026-01-15 18:56:13.86153+00	2010-02-14 00:00:00+00	138	Leonardo DiCaprio, Mark Ruffalo	Martin Scorsese	USA	https://media.themoviedb.org/t/p/w300_and_h450_face/scYivmvdv2DwCfbiblEcRG4P9Me.jpg
20	Joker	Narodziny szaleństwa.	Released	2026-01-15 18:56:13.86153+00	2019-10-02 00:00:00+00	122	Joaquin Phoenix, Robert De Niro	Todd Phillips	USA	https://media.themoviedb.org/t/p/w300_and_h450_face/opwCl56Zi8mextLETtM3d0ryVFU.jpg
\.


--
-- TOC entry 3580 (class 0 OID 16588)
-- Dependencies: 241
-- Data for Name: Reservations; Type: TABLE DATA; Schema: public; Owner: postgres
--

COPY public."Reservations" ("Id", "User_Id", "Showing_Id", "Seat_Id", "Created_At", "UserId") FROM stdin;
\.


--
-- TOC entry 3566 (class 0 OID 16442)
-- Dependencies: 227
-- Data for Name: Rooms; Type: TABLE DATA; Schema: public; Owner: postgres
--

COPY public."Rooms" ("Id", "Number", "Seats") FROM stdin;
3	1	50
4	2	30
5	3	60
\.


--
-- TOC entry 3576 (class 0 OID 16549)
-- Dependencies: 237
-- Data for Name: Seats; Type: TABLE DATA; Schema: public; Owner: postgres
--

COPY public."Seats" ("Id", "Row", "Number", "Room_Id") FROM stdin;
11	1	1	3
12	1	2	3
13	1	3	3
14	1	4	3
15	1	5	3
16	1	6	3
17	1	7	3
18	1	8	3
19	1	9	3
20	1	10	3
21	2	1	3
22	2	2	3
23	2	3	3
24	2	4	3
25	2	5	3
26	2	6	3
27	2	7	3
28	2	8	3
29	2	9	3
30	2	10	3
31	3	1	3
32	3	2	3
33	3	3	3
34	3	4	3
35	3	5	3
36	3	6	3
37	3	7	3
38	3	8	3
39	3	9	3
40	3	10	3
41	4	1	3
42	4	2	3
43	4	3	3
44	4	4	3
45	4	5	3
46	4	6	3
47	4	7	3
48	4	8	3
49	4	9	3
50	4	10	3
51	5	1	3
52	5	2	3
53	5	3	3
54	5	4	3
55	5	5	3
56	5	6	3
57	5	7	3
58	5	8	3
59	5	9	3
60	5	10	3
61	1	1	4
62	1	2	4
63	1	3	4
64	1	4	4
65	1	5	4
66	1	6	4
67	1	7	4
68	1	8	4
69	1	9	4
70	1	10	4
71	2	1	4
72	2	2	4
73	2	3	4
74	2	4	4
75	2	5	4
76	2	6	4
77	2	7	4
78	2	8	4
79	2	9	4
80	2	10	4
81	3	1	4
82	3	2	4
83	3	3	4
84	3	4	4
85	3	5	4
86	3	6	4
87	3	7	4
88	3	8	4
89	3	9	4
90	3	10	4
91	1	1	5
92	1	2	5
93	1	3	5
94	1	4	5
95	1	5	5
96	1	6	5
97	1	7	5
98	1	8	5
99	1	9	5
100	1	10	5
101	2	1	5
102	2	2	5
103	2	3	5
104	2	4	5
105	2	5	5
106	2	6	5
107	2	7	5
108	2	8	5
109	2	9	5
110	2	10	5
111	3	1	5
112	3	2	5
113	3	3	5
114	3	4	5
115	3	5	5
116	3	6	5
117	3	7	5
118	3	8	5
119	3	9	5
120	3	10	5
121	4	1	5
122	4	2	5
123	4	3	5
124	4	4	5
125	4	5	5
126	4	6	5
127	4	7	5
128	4	8	5
129	4	9	5
130	4	10	5
131	5	1	5
132	5	2	5
133	5	3	5
134	5	4	5
135	5	5	5
136	5	6	5
137	5	7	5
138	5	8	5
139	5	9	5
140	5	10	5
141	6	1	5
142	6	2	5
143	6	3	5
144	6	4	5
145	6	5	5
146	6	6	5
147	6	7	5
148	6	8	5
149	6	9	5
150	6	10	5
\.


--
-- TOC entry 3578 (class 0 OID 16564)
-- Dependencies: 239
-- Data for Name: Showings; Type: TABLE DATA; Schema: public; Owner: postgres
--

COPY public."Showings" ("Id", "Movie_Id", "Date", "End_Date", "Room_Id", "Price") FROM stdin;
4	19	2026-01-16 16:00:00+00	2026-01-16 18:16:00+00	3	25.00
5	20	2026-01-16 19:00:00+00	2026-01-16 21:02:00+00	3	28.00
6	18	2026-01-16 15:30:00+00	2026-01-16 16:58:00+00	4	20.00
7	6	2026-01-16 17:30:00+00	2026-01-16 19:52:00+00	4	24.00
8	15	2026-01-16 18:00:00+00	2026-01-16 20:28:00+00	5	30.00
9	7	2026-01-16 21:00:00+00	2026-01-17 00:21:00+00	5	35.00
10	1	2026-01-17 14:00:00+00	2026-01-17 16:22:00+00	3	25.00
11	12	2026-01-17 17:00:00+00	2026-01-17 19:19:00+00	3	28.00
12	9	2026-01-17 20:00:00+00	2026-01-17 22:34:00+00	3	30.00
13	5	2026-01-17 13:00:00+00	2026-01-17 14:36:00+00	4	18.00
14	11	2026-01-17 15:30:00+00	2026-01-17 17:37:00+00	4	26.00
15	17	2026-01-17 16:00:00+00	2026-01-17 18:18:00+00	5	29.00
16	4	2026-01-17 19:00:00+00	2026-01-17 21:55:00+00	5	32.00
17	2	2026-01-18 15:00:00+00	2026-01-18 16:52:00+00	3	24.00
18	8	2026-01-18 18:00:00+00	2026-01-18 21:15:00+00	3	30.00
19	10	2026-01-18 14:00:00+00	2026-01-18 15:56:00+00	4	22.00
20	16	2026-01-18 17:00:00+00	2026-01-18 18:50:00+00	4	25.00
21	14	2026-01-18 18:30:00+00	2026-01-18 21:00:00+00	5	28.00
22	19	2026-01-19 18:00:00+00	2026-01-19 20:16:00+00	3	22.00
23	13	2026-01-19 19:00:00+00	2026-01-19 21:26:00+00	5	24.00
24	20	2026-01-20 18:30:00+00	2026-01-20 20:32:00+00	3	24.00
25	1	2026-01-21 17:00:00+00	2026-01-21 19:22:00+00	4	20.00
26	3	2026-01-22 18:00:00+00	2026-01-22 21:08:00+00	5	26.00
27	15	2026-01-23 17:00:00+00	2026-01-23 19:28:00+00	3	30.00
28	9	2026-01-23 20:00:00+00	2026-01-23 22:34:00+00	3	30.00
29	18	2026-01-23 16:00:00+00	2026-01-23 17:28:00+00	4	20.00
30	7	2026-01-23 19:00:00+00	2026-01-23 22:21:00+00	5	35.00
31	6	2026-01-24 14:00:00+00	2026-01-24 16:22:00+00	3	25.00
32	17	2026-01-24 17:30:00+00	2026-01-24 19:48:00+00	3	29.00
33	11	2026-01-24 18:00:00+00	2026-01-24 20:07:00+00	4	26.00
34	19	2026-01-24 15:00:00+00	2026-01-24 17:16:00+00	5	28.00
35	12	2026-01-24 19:00:00+00	2026-01-24 21:19:00+00	5	28.00
36	20	2026-01-27 18:00:00+00	2026-01-27 20:02:00+00	3	22.00
37	8	2026-01-28 18:00:00+00	2026-01-28 21:15:00+00	5	26.00
38	4	2026-01-30 19:00:00+00	2026-01-30 21:55:00+00	3	32.00
\.


--
-- TOC entry 3558 (class 0 OID 16385)
-- Dependencies: 219
-- Data for Name: __EFMigrationsHistory; Type: TABLE DATA; Schema: public; Owner: postgres
--

COPY public."__EFMigrationsHistory" ("MigrationId", "ProductVersion") FROM stdin;
20260114202640_InitialIdentitySetup	9.0.10
\.


--
-- TOC entry 3586 (class 0 OID 0)
-- Dependencies: 228
-- Name: AspNetRoleClaims_Id_seq; Type: SEQUENCE SET; Schema: public; Owner: postgres
--

SELECT pg_catalog.setval('public."AspNetRoleClaims_Id_seq"', 1, false);


--
-- TOC entry 3587 (class 0 OID 0)
-- Dependencies: 230
-- Name: AspNetUserClaims_Id_seq; Type: SEQUENCE SET; Schema: public; Owner: postgres
--

SELECT pg_catalog.setval('public."AspNetUserClaims_Id_seq"', 1, false);


--
-- TOC entry 3588 (class 0 OID 0)
-- Dependencies: 222
-- Name: Genres_Id_seq; Type: SEQUENCE SET; Schema: public; Owner: postgres
--

SELECT pg_catalog.setval('public."Genres_Id_seq"', 15, true);


--
-- TOC entry 3589 (class 0 OID 0)
-- Dependencies: 224
-- Name: Movies_Id_seq; Type: SEQUENCE SET; Schema: public; Owner: postgres
--

SELECT pg_catalog.setval('public."Movies_Id_seq"', 20, true);


--
-- TOC entry 3590 (class 0 OID 0)
-- Dependencies: 240
-- Name: Reservations_Id_seq; Type: SEQUENCE SET; Schema: public; Owner: postgres
--

SELECT pg_catalog.setval('public."Reservations_Id_seq"', 1, false);


--
-- TOC entry 3591 (class 0 OID 0)
-- Dependencies: 226
-- Name: Rooms_Id_seq; Type: SEQUENCE SET; Schema: public; Owner: postgres
--

SELECT pg_catalog.setval('public."Rooms_Id_seq"', 5, true);


--
-- TOC entry 3592 (class 0 OID 0)
-- Dependencies: 236
-- Name: Seats_Id_seq; Type: SEQUENCE SET; Schema: public; Owner: postgres
--

SELECT pg_catalog.setval('public."Seats_Id_seq"', 150, true);


--
-- TOC entry 3593 (class 0 OID 0)
-- Dependencies: 238
-- Name: Showings_Id_seq; Type: SEQUENCE SET; Schema: public; Owner: postgres
--

SELECT pg_catalog.setval('public."Showings_Id_seq"', 39, false);


--
-- TOC entry 3369 (class 2606 OID 16459)
-- Name: AspNetRoleClaims PK_AspNetRoleClaims; Type: CONSTRAINT; Schema: public; Owner: postgres
--

ALTER TABLE ONLY public."AspNetRoleClaims"
    ADD CONSTRAINT "PK_AspNetRoleClaims" PRIMARY KEY ("Id");


--
-- TOC entry 3355 (class 2606 OID 16399)
-- Name: AspNetRoles PK_AspNetRoles; Type: CONSTRAINT; Schema: public; Owner: postgres
--

ALTER TABLE ONLY public."AspNetRoles"
    ADD CONSTRAINT "PK_AspNetRoles" PRIMARY KEY ("Id");


--
-- TOC entry 3372 (class 2606 OID 16474)
-- Name: AspNetUserClaims PK_AspNetUserClaims; Type: CONSTRAINT; Schema: public; Owner: postgres
--

ALTER TABLE ONLY public."AspNetUserClaims"
    ADD CONSTRAINT "PK_AspNetUserClaims" PRIMARY KEY ("Id");


--
-- TOC entry 3375 (class 2606 OID 16489)
-- Name: AspNetUserLogins PK_AspNetUserLogins; Type: CONSTRAINT; Schema: public; Owner: postgres
--

ALTER TABLE ONLY public."AspNetUserLogins"
    ADD CONSTRAINT "PK_AspNetUserLogins" PRIMARY KEY ("LoginProvider", "ProviderKey");


--
-- TOC entry 3378 (class 2606 OID 16503)
-- Name: AspNetUserRoles PK_AspNetUserRoles; Type: CONSTRAINT; Schema: public; Owner: postgres
--

ALTER TABLE ONLY public."AspNetUserRoles"
    ADD CONSTRAINT "PK_AspNetUserRoles" PRIMARY KEY ("UserId", "RoleId");


--
-- TOC entry 3380 (class 2606 OID 16523)
-- Name: AspNetUserTokens PK_AspNetUserTokens; Type: CONSTRAINT; Schema: public; Owner: postgres
--

ALTER TABLE ONLY public."AspNetUserTokens"
    ADD CONSTRAINT "PK_AspNetUserTokens" PRIMARY KEY ("UserId", "LoginProvider", "Name");


--
-- TOC entry 3359 (class 2606 OID 16412)
-- Name: AspNetUsers PK_AspNetUsers; Type: CONSTRAINT; Schema: public; Owner: postgres
--

ALTER TABLE ONLY public."AspNetUsers"
    ADD CONSTRAINT "PK_AspNetUsers" PRIMARY KEY ("Id");


--
-- TOC entry 3362 (class 2606 OID 16422)
-- Name: Genres PK_Genres; Type: CONSTRAINT; Schema: public; Owner: postgres
--

ALTER TABLE ONLY public."Genres"
    ADD CONSTRAINT "PK_Genres" PRIMARY KEY ("Id");


--
-- TOC entry 3384 (class 2606 OID 16537)
-- Name: MovieGenres PK_MovieGenres; Type: CONSTRAINT; Schema: public; Owner: postgres
--

ALTER TABLE ONLY public."MovieGenres"
    ADD CONSTRAINT "PK_MovieGenres" PRIMARY KEY ("Genre_Id", "Movie_Id");


--
-- TOC entry 3364 (class 2606 OID 16440)
-- Name: Movies PK_Movies; Type: CONSTRAINT; Schema: public; Owner: postgres
--

ALTER TABLE ONLY public."Movies"
    ADD CONSTRAINT "PK_Movies" PRIMARY KEY ("Id");


--
-- TOC entry 3396 (class 2606 OID 16600)
-- Name: Reservations PK_Reservations; Type: CONSTRAINT; Schema: public; Owner: postgres
--

ALTER TABLE ONLY public."Reservations"
    ADD CONSTRAINT "PK_Reservations" PRIMARY KEY ("Id");


--
-- TOC entry 3366 (class 2606 OID 16449)
-- Name: Rooms PK_Rooms; Type: CONSTRAINT; Schema: public; Owner: postgres
--

ALTER TABLE ONLY public."Rooms"
    ADD CONSTRAINT "PK_Rooms" PRIMARY KEY ("Id");


--
-- TOC entry 3387 (class 2606 OID 16557)
-- Name: Seats PK_Seats; Type: CONSTRAINT; Schema: public; Owner: postgres
--

ALTER TABLE ONLY public."Seats"
    ADD CONSTRAINT "PK_Seats" PRIMARY KEY ("Id");


--
-- TOC entry 3391 (class 2606 OID 16576)
-- Name: Showings PK_Showings; Type: CONSTRAINT; Schema: public; Owner: postgres
--

ALTER TABLE ONLY public."Showings"
    ADD CONSTRAINT "PK_Showings" PRIMARY KEY ("Id");


--
-- TOC entry 3353 (class 2606 OID 16391)
-- Name: __EFMigrationsHistory PK___EFMigrationsHistory; Type: CONSTRAINT; Schema: public; Owner: postgres
--

ALTER TABLE ONLY public."__EFMigrationsHistory"
    ADD CONSTRAINT "PK___EFMigrationsHistory" PRIMARY KEY ("MigrationId");


--
-- TOC entry 3357 (class 1259 OID 16621)
-- Name: EmailIndex; Type: INDEX; Schema: public; Owner: postgres
--

CREATE INDEX "EmailIndex" ON public."AspNetUsers" USING btree ("NormalizedEmail");


--
-- TOC entry 3367 (class 1259 OID 16616)
-- Name: IX_AspNetRoleClaims_RoleId; Type: INDEX; Schema: public; Owner: postgres
--

CREATE INDEX "IX_AspNetRoleClaims_RoleId" ON public."AspNetRoleClaims" USING btree ("RoleId");


--
-- TOC entry 3370 (class 1259 OID 16618)
-- Name: IX_AspNetUserClaims_UserId; Type: INDEX; Schema: public; Owner: postgres
--

CREATE INDEX "IX_AspNetUserClaims_UserId" ON public."AspNetUserClaims" USING btree ("UserId");


--
-- TOC entry 3373 (class 1259 OID 16619)
-- Name: IX_AspNetUserLogins_UserId; Type: INDEX; Schema: public; Owner: postgres
--

CREATE INDEX "IX_AspNetUserLogins_UserId" ON public."AspNetUserLogins" USING btree ("UserId");


--
-- TOC entry 3376 (class 1259 OID 16620)
-- Name: IX_AspNetUserRoles_RoleId; Type: INDEX; Schema: public; Owner: postgres
--

CREATE INDEX "IX_AspNetUserRoles_RoleId" ON public."AspNetUserRoles" USING btree ("RoleId");


--
-- TOC entry 3381 (class 1259 OID 16623)
-- Name: IX_MovieGenres_GenreId; Type: INDEX; Schema: public; Owner: postgres
--

CREATE INDEX "IX_MovieGenres_GenreId" ON public."MovieGenres" USING btree ("GenreId");


--
-- TOC entry 3382 (class 1259 OID 16624)
-- Name: IX_MovieGenres_MovieId; Type: INDEX; Schema: public; Owner: postgres
--

CREATE INDEX "IX_MovieGenres_MovieId" ON public."MovieGenres" USING btree ("MovieId");


--
-- TOC entry 3392 (class 1259 OID 16625)
-- Name: IX_Reservations_Seat_Id; Type: INDEX; Schema: public; Owner: postgres
--

CREATE INDEX "IX_Reservations_Seat_Id" ON public."Reservations" USING btree ("Seat_Id");


--
-- TOC entry 3393 (class 1259 OID 16626)
-- Name: IX_Reservations_Showing_Id_Seat_Id; Type: INDEX; Schema: public; Owner: postgres
--

CREATE UNIQUE INDEX "IX_Reservations_Showing_Id_Seat_Id" ON public."Reservations" USING btree ("Showing_Id", "Seat_Id");


--
-- TOC entry 3394 (class 1259 OID 16627)
-- Name: IX_Reservations_UserId; Type: INDEX; Schema: public; Owner: postgres
--

CREATE INDEX "IX_Reservations_UserId" ON public."Reservations" USING btree ("UserId");


--
-- TOC entry 3385 (class 1259 OID 16628)
-- Name: IX_Seats_Room_Id; Type: INDEX; Schema: public; Owner: postgres
--

CREATE INDEX "IX_Seats_Room_Id" ON public."Seats" USING btree ("Room_Id");


--
-- TOC entry 3388 (class 1259 OID 16629)
-- Name: IX_Showings_Movie_Id; Type: INDEX; Schema: public; Owner: postgres
--

CREATE INDEX "IX_Showings_Movie_Id" ON public."Showings" USING btree ("Movie_Id");


--
-- TOC entry 3389 (class 1259 OID 16630)
-- Name: IX_Showings_Room_Id; Type: INDEX; Schema: public; Owner: postgres
--

CREATE INDEX "IX_Showings_Room_Id" ON public."Showings" USING btree ("Room_Id");


--
-- TOC entry 3356 (class 1259 OID 16617)
-- Name: RoleNameIndex; Type: INDEX; Schema: public; Owner: postgres
--

CREATE UNIQUE INDEX "RoleNameIndex" ON public."AspNetRoles" USING btree ("NormalizedName");


--
-- TOC entry 3360 (class 1259 OID 16622)
-- Name: UserNameIndex; Type: INDEX; Schema: public; Owner: postgres
--

CREATE UNIQUE INDEX "UserNameIndex" ON public."AspNetUsers" USING btree ("NormalizedUserName");


--
-- TOC entry 3397 (class 2606 OID 16460)
-- Name: AspNetRoleClaims FK_AspNetRoleClaims_AspNetRoles_RoleId; Type: FK CONSTRAINT; Schema: public; Owner: postgres
--

ALTER TABLE ONLY public."AspNetRoleClaims"
    ADD CONSTRAINT "FK_AspNetRoleClaims_AspNetRoles_RoleId" FOREIGN KEY ("RoleId") REFERENCES public."AspNetRoles"("Id") ON DELETE CASCADE;


--
-- TOC entry 3398 (class 2606 OID 16475)
-- Name: AspNetUserClaims FK_AspNetUserClaims_AspNetUsers_UserId; Type: FK CONSTRAINT; Schema: public; Owner: postgres
--

ALTER TABLE ONLY public."AspNetUserClaims"
    ADD CONSTRAINT "FK_AspNetUserClaims_AspNetUsers_UserId" FOREIGN KEY ("UserId") REFERENCES public."AspNetUsers"("Id") ON DELETE CASCADE;


--
-- TOC entry 3399 (class 2606 OID 16490)
-- Name: AspNetUserLogins FK_AspNetUserLogins_AspNetUsers_UserId; Type: FK CONSTRAINT; Schema: public; Owner: postgres
--

ALTER TABLE ONLY public."AspNetUserLogins"
    ADD CONSTRAINT "FK_AspNetUserLogins_AspNetUsers_UserId" FOREIGN KEY ("UserId") REFERENCES public."AspNetUsers"("Id") ON DELETE CASCADE;


--
-- TOC entry 3400 (class 2606 OID 16504)
-- Name: AspNetUserRoles FK_AspNetUserRoles_AspNetRoles_RoleId; Type: FK CONSTRAINT; Schema: public; Owner: postgres
--

ALTER TABLE ONLY public."AspNetUserRoles"
    ADD CONSTRAINT "FK_AspNetUserRoles_AspNetRoles_RoleId" FOREIGN KEY ("RoleId") REFERENCES public."AspNetRoles"("Id") ON DELETE CASCADE;


--
-- TOC entry 3401 (class 2606 OID 16509)
-- Name: AspNetUserRoles FK_AspNetUserRoles_AspNetUsers_UserId; Type: FK CONSTRAINT; Schema: public; Owner: postgres
--

ALTER TABLE ONLY public."AspNetUserRoles"
    ADD CONSTRAINT "FK_AspNetUserRoles_AspNetUsers_UserId" FOREIGN KEY ("UserId") REFERENCES public."AspNetUsers"("Id") ON DELETE CASCADE;


--
-- TOC entry 3402 (class 2606 OID 16524)
-- Name: AspNetUserTokens FK_AspNetUserTokens_AspNetUsers_UserId; Type: FK CONSTRAINT; Schema: public; Owner: postgres
--

ALTER TABLE ONLY public."AspNetUserTokens"
    ADD CONSTRAINT "FK_AspNetUserTokens_AspNetUsers_UserId" FOREIGN KEY ("UserId") REFERENCES public."AspNetUsers"("Id") ON DELETE CASCADE;


--
-- TOC entry 3403 (class 2606 OID 16538)
-- Name: MovieGenres FK_MovieGenres_Genres_GenreId; Type: FK CONSTRAINT; Schema: public; Owner: postgres
--

ALTER TABLE ONLY public."MovieGenres"
    ADD CONSTRAINT "FK_MovieGenres_Genres_GenreId" FOREIGN KEY ("GenreId") REFERENCES public."Genres"("Id") ON DELETE CASCADE;


--
-- TOC entry 3404 (class 2606 OID 16543)
-- Name: MovieGenres FK_MovieGenres_Movies_MovieId; Type: FK CONSTRAINT; Schema: public; Owner: postgres
--

ALTER TABLE ONLY public."MovieGenres"
    ADD CONSTRAINT "FK_MovieGenres_Movies_MovieId" FOREIGN KEY ("MovieId") REFERENCES public."Movies"("Id") ON DELETE CASCADE;


--
-- TOC entry 3408 (class 2606 OID 16601)
-- Name: Reservations FK_Reservations_AspNetUsers_UserId; Type: FK CONSTRAINT; Schema: public; Owner: postgres
--

ALTER TABLE ONLY public."Reservations"
    ADD CONSTRAINT "FK_Reservations_AspNetUsers_UserId" FOREIGN KEY ("UserId") REFERENCES public."AspNetUsers"("Id") ON DELETE CASCADE;


--
-- TOC entry 3409 (class 2606 OID 16606)
-- Name: Reservations FK_Reservations_Seats_Seat_Id; Type: FK CONSTRAINT; Schema: public; Owner: postgres
--

ALTER TABLE ONLY public."Reservations"
    ADD CONSTRAINT "FK_Reservations_Seats_Seat_Id" FOREIGN KEY ("Seat_Id") REFERENCES public."Seats"("Id") ON DELETE CASCADE;


--
-- TOC entry 3410 (class 2606 OID 16611)
-- Name: Reservations FK_Reservations_Showings_Showing_Id; Type: FK CONSTRAINT; Schema: public; Owner: postgres
--

ALTER TABLE ONLY public."Reservations"
    ADD CONSTRAINT "FK_Reservations_Showings_Showing_Id" FOREIGN KEY ("Showing_Id") REFERENCES public."Showings"("Id") ON DELETE CASCADE;


--
-- TOC entry 3405 (class 2606 OID 16558)
-- Name: Seats FK_Seats_Rooms_Room_Id; Type: FK CONSTRAINT; Schema: public; Owner: postgres
--

ALTER TABLE ONLY public."Seats"
    ADD CONSTRAINT "FK_Seats_Rooms_Room_Id" FOREIGN KEY ("Room_Id") REFERENCES public."Rooms"("Id") ON DELETE CASCADE;


--
-- TOC entry 3406 (class 2606 OID 16577)
-- Name: Showings FK_Showings_Movies_Movie_Id; Type: FK CONSTRAINT; Schema: public; Owner: postgres
--

ALTER TABLE ONLY public."Showings"
    ADD CONSTRAINT "FK_Showings_Movies_Movie_Id" FOREIGN KEY ("Movie_Id") REFERENCES public."Movies"("Id") ON DELETE CASCADE;


--
-- TOC entry 3407 (class 2606 OID 16582)
-- Name: Showings FK_Showings_Rooms_Room_Id; Type: FK CONSTRAINT; Schema: public; Owner: postgres
--

ALTER TABLE ONLY public."Showings"
    ADD CONSTRAINT "FK_Showings_Rooms_Room_Id" FOREIGN KEY ("Room_Id") REFERENCES public."Rooms"("Id") ON DELETE CASCADE;


-- Completed on 2026-01-15 19:24:07 UTC

--
-- PostgreSQL database dump complete
--

\unrestrict nh879GosDMeBSot4ViztEh4idig54Tj7fl60O7Uw5WppBq2dOr2ETRq3Fbx0zfh

